{
  "product": "Manifiesto de Comunicadora social",
  "version": 1,
  "releaseDate": "2017-09-22",
  "type": "Comunicadora Social",
  "data": {
    "id": "2017-0101",
    "type_id": "Tarjeta profesional",
    "name": "Comunicador-a Social",
    "mission": "Ama tu mundo, te permite explorar a traves de cronicas audiovisuales, todo lo positivo del entorno que te rodea. En este portal, encuentras contenido audiovisual, que te permite aprender diversas areas, contenido organizado por categorias.",
    "vision": "Mi misión, es compartir talleres y cronicas positivas que permiten al usuario aprender, a traves de mis contenidos audiovisuales y desenvolverse en cualquier area de la vida y así puedan los usuarios obtener ingresos adicionales.",
    "logo": "http://localhost/iucmc/comunicador.jpg",
    "background": "http://localhost/iucmc/background.jpg",
    "hashtag": "RedMasNoticias",
    "flag": [
      {
        "label": "Amarillo",
        "name": "Yellow",
        "code": "FFFF00"
      },
      {
        "label": "Azul",
        "name": "MediumBlue",
        "code": "0000CD"
      }
    ],    
    "faculties": [
      {
        "name": "Cronicas de Arte",
        "hashtag": "NoticiasCaracol",
        "color_filter": "alert-danger-alt",
        "responsible": "Alejandra Gómez Q",
        "phone": "000000-1",
        "ext": "305",
        "email": "artes@agq.co",
        "programs_pre": [
          {
            "name": "Tecnología en Gestión Empresarial (I Ciclo)",
            "register_number": "2070",
            "registry_resolution": "3319 de Abril 5 de 2013",
            "title_conferred": "Tecnólogo en Gestión Empresarial",
            "duration": "6",
            "cycle": "semestre",
            "credits": "99",
            "modality": "presencial",
            "diurnal": "Lunes a viernes de 7:00 a.m. a 1:15 p.m.",
            "nocturnal": "Lunes a viernes de 6:15 p.m. a 10:25 p.m.",
            "profile": "http://www.colmayorcauca.edu.co/programas/page/gestion-empresarial#tabs-1",
            "curriculum": "http://www.colmayorcauca.edu.co/documentos/programas/malla-gestion-empresarial.pdf"
          },
          {
            "name": "Tecnología en Gestión Comercial y de Mercados (I Ciclo)",
            "register_number": "19179",
            "registry_resolution": "2585 de Marzo 14 de 2013",
            "title_conferred": "Tecnólogo en Gestión Comercial y de Mercados",
            "duration": "6",
            "cycle": "semestre",
            "credits": "99",
            "modality": "presencial",
            "diurnal": "null",
            "nocturnal": "Lunes a viernes de 6:15 p.m. a 10:25 p.m.",
            "profile": "http://www.colmayorcauca.edu.co/programas/page/gestion-comercial#tabs-1",
            "curriculum": "http://www.colmayorcauca.edu.co/documentos/programas/malla-tecnologia-en-gestion-comercial-y-de-mercados.pdf"
          },
          {
            "name": "Tecnología en Gestión Financiera",
            "register_number": "101923",
            "registry_resolution": "10979 (11 de Septiembre de 2012)",
            "title_conferred": "Tecnólogo en Gestión Financiera",
            "duration": "6",
            "cycle": "semestre",
            "credits": "101",
            "modality": "presencial",
            "diurnal": "Jueves y viernes: 6:15p.m. a 10:30 p.m. \\n Sábado: 8:00 a.m. a 11:45 a.m \\n y de 2:00 p.m. a 6:00p.m.",
            "nocturnal": "null",
            "profile": "http://www.colmayorcauca.edu.co/programas/page/gestion-financiera#tabs-1",
            "curriculum": "http://www.colmayorcauca.edu.co/documentos/programas/malla-gestion-financiera.pdf"
          },
          {
            "name": "Administración de Empresas por Ciclos Propedéuticos (II Ciclo)",
            "register_number": "54922",
            "registry_resolution": "7487 de octubre 16 de 2009",
            "title_conferred": "Administrador de Empresas",
            "duration": "4",
            "cycle": "semestre",
            "credits": "61",
            "modality": "presencial",
            "diurnal": "null",
            "nocturnal": "Jueves y viernes: 6:15p.m. a 10:30 p.m. \\n Sábado: 8:00 a.m. a 11:45 a.m \\n y de 2:00 p.m. a 6:00p.m.",
            "profile": "http://www.colmayorcauca.edu.co/programas/page/administracion-de-empresas#tabs-1",
            "curriculum": "http://www.colmayorcauca.edu.co/documentos/programas/malla-gestion-financiera.pdf"
          },
          {
            "name": "Administración Financiera (II Ciclo)",
            "register_number": "101922",
            "registry_resolution": "10977 del 11 de septiembre de 2012",
            "title_conferred": "Administrador Financiero",
            "duration": "10",
            "cycle": "semestre",
            "credits": "166",
            "modality": "presencial",
            "diurnal": "null",
            "nocturnal": "Lunes a viernes de 6:15 p.m. a 10:25 p.m.",
            "profile": "http://www.colmayorcauca.edu.co/programas/page/administracion-financiera",
            "curriculum": "http://www.colmayorcauca.edu.co/documentos/programas/plan-estudios-gestion-financiera.pdf"
          }
        ]
      },
      {
        "name": "Cronicas de Biografias",
        "hashtag": "#AGQBiografia",
        "color_filter": "alert-success-alt",
        "responsible": "Alejandra Gómez",
        "phone": "8333390",
        "ext": "302",
        "email": "biografia@agq.co",
        "programs_pre": [
          {
            "name": "Tecnología en Desarrollo de Software",
            "register_number": "2949",
            "registry_resolution": "17774 del 6 de diciembre de 2013",
            "title_conferred": "Tecnólogo en Desarrollo de Software",
            "duration": "6",
            "cycle": "semestre",
            "credits": "103",
            "modality": "presencial",
            "diurnal": "Diurna",
            "nocturnal": "null",
            "profile": "http://www.colmayorcauca.edu.co/programas/page/desarrollo-de-software#tabs-1",
            "curriculum": "http://www.colmayorcauca.edu.co/documentos/programas/malla-desarrollo-de-software.pdf"
          },
          {
            "name": "Ingeniería Informática",
            "register_number": "90704",
            "registry_resolution": "6661 del 2 de Agosto de2010",
            "title_conferred": "Ingeniero en Informática",
            "duration": "10",
            "cycle": "semestre",
            "credits": "162",
            "modality": "presencial",
            "diurnal": "Diurna",
            "nocturnal": "null",
            "profile": "http://www.colmayorcauca.edu.co/programas/page/ingenieria-informatica#tabs-1",
            "curriculum": "http://www.colmayorcauca.edu.co/documentos/programas/malla-ingenieria-informatica.pdf"
          }
        ]
      },
      {
        "name": "Ciencia y Tecnología",
        "hashtag": "#AGQTecnologia",
        "color_filter": "alert-purple",
        "responsible": "Alejandra Gómez",
        "phone": "00000-1",
        "ext": "114",
        "email": "tecnologia@agq.co",
        "programs_pre": [
          {
            "name": "Arquitectura",
            "register_number": "54921",
            "registry_resolution": "7486 de octubre 16 de 2009",
            "title_conferred": "Arquitecto",
            "duration": "9",
            "cycle": "semestre",
            "credits": "171",
            "modality": "presencial",
            "diurnal": "Diurna",
            "nocturnal": "null",
            "profile": "http://www.colmayorcauca.edu.co/programas/page/arquitectura#tabs-1",
            "curriculum": "http://www.colmayorcauca.edu.co/documentos/programas/malla-arquitectura.pdf"
          },
          {
            "name": "Diseño Visual",
            "register_number": "101843",
            "registry_resolution": "8475 de 23 de Julio de 2012",
            "title_conferred": "Diseñador Visual",
            "duration": "9",
            "cycle": "semestre",
            "credits": "149",
            "modality": "presencial",
            "diurnal": "Diurna",
            "nocturnal": "null",
            "profile": "http://www.colmayorcauca.edu.co/programas/page/diseno-visual#tabs-1",
            "curriculum": "http://www.colmayorcauca.edu.co/documentos/programas/plan-estudios-diseno-visual.pdf"
          },
          {
            "name": "Tecnología en Delineante de Arquitectura e Ingeniería",
            "register_number": "2071",
            "registry_resolution": "9109 de Julio 18 de 2013",
            "title_conferred": "Tecnólogo en Delineante de Arquitectura",
            "duration": "6",
            "cycle": "semestre",
            "credits": "100",
            "modality": "presencial",
            "diurnal": "Diurna",
            "nocturnal": "null",
            "profile": "http://www.colmayorcauca.edu.co/programas/page/delineante-de-arquitectura#tabs-1",
            "curriculum": "http://www.colmayorcauca.edu.co/documentos/programas/malla-delineantes-de-arquitectura.pdf"
          }
        ],
        "course": [
          {
            "name": "Curso de Pintura",
            "responsible": "Libia María Perafán Campo",
            "phone": "833 3390",
            "ext": "214",
            "email": "cultura@unimayor.edu.co",
            "profile": "http://www.colmayorcauca.edu.co/programas/page/curso-pintura#tabs-1",
            "curriculum": "http://www.colmayorcauca.edu.co/programas/page/curso-pintura#tabs-2"
          },
          {
            "name": "Curso de Extensión en Música",
            "responsible": "Libia María Perafán Campo",
            "phone": "833 3390",
            "ext": "214",
            "email": "cultura@unimayor.edu.co",
            "profile": "http://www.colmayorcauca.edu.co/programas/page/curso-musica#tabs-1",
            "curriculum": "http://www.colmayorcauca.edu.co/programas/page/curso-musica#tabs-2"
          },
          {
            "name": "Inglés: Infantil - Juvenil",
            "responsible": "Janka Maya",
            "phone": "8244580",
            "ext": "null",
            "email": "englishcoordination@unimayor.edu.co",
            "profile": "http://www.colmayorcauca.edu.co/programas/page/curso-ingles-infantil#tabs-1",
            "curriculum": "http://www.colmayorcauca.edu.co/programas/page/curso-ingles-infantil#tabs-2"
          },
          {
            "name": "Inglés: Adultos",
            "responsible": "Janka Maya",
            "phone": "8244580",
            "ext": "null",
            "email": "singles@unimayor.edu.co",
            "profile": "http://www.colmayorcauca.edu.co/programas/page/curso-ingles-adultos#tabs-1",
            "curriculum": "http://www.colmayorcauca.edu.co/programas/page/curso-ingles-adultos#tabs-2"
          }
        ],
        "programs_pos": [
          {
            "registry_resolution": "11030 de 11 de Septiembre de 2012",
            "title_conferred": "Especialista en Administración de la Información y Bases de Datos",
            "duration": "1",
            "cycle": "anual",
            "credits": "24",
            "modality": "presencial",
            "diurnal": "Diurna",
            "nocturnal": "Nocturna",
            "profile": "http://www.colmayorcauca.edu.co/programas/page/especializacion-admon-informacion-bases-datos#tabs-2",
            "curriculum": "http://www.colmayorcauca.edu.co/programas/page/especializacion-admon-informacion-bases-datos#tabs-4"
          }
        ]
      },
      
      {
        "name": "Cronicas de Cultura",
        "hashtag": "#AGQCultura",
        "color_filter": "alert-danger-alt",
        "responsible": "Alejandra Gómez Q",
        "phone": "000000-1",
        "ext": "305",
        "email": "cultura@agq.co",
        "programs_pre": [
          {
            "name": "Tecnología en Gestión Empresarial (I Ciclo)",
            "register_number": "2070",
            "registry_resolution": "3319 de Abril 5 de 2013",
            "title_conferred": "Tecnólogo en Gestión Empresarial",
            "duration": "6",
            "cycle": "semestre",
            "credits": "99",
            "modality": "presencial",
            "diurnal": "Lunes a viernes de 7:00 a.m. a 1:15 p.m.",
            "nocturnal": "Lunes a viernes de 6:15 p.m. a 10:25 p.m.",
            "profile": "http://www.colmayorcauca.edu.co/programas/page/gestion-empresarial#tabs-1",
            "curriculum": "http://www.colmayorcauca.edu.co/documentos/programas/malla-gestion-empresarial.pdf"
          },
          {
            "name": "Tecnología en Gestión Comercial y de Mercados (I Ciclo)",
            "register_number": "19179",
            "registry_resolution": "2585 de Marzo 14 de 2013",
            "title_conferred": "Tecnólogo en Gestión Comercial y de Mercados",
            "duration": "6",
            "cycle": "semestre",
            "credits": "99",
            "modality": "presencial",
            "diurnal": "null",
            "nocturnal": "Lunes a viernes de 6:15 p.m. a 10:25 p.m.",
            "profile": "http://www.colmayorcauca.edu.co/programas/page/gestion-comercial#tabs-1",
            "curriculum": "http://www.colmayorcauca.edu.co/documentos/programas/malla-tecnologia-en-gestion-comercial-y-de-mercados.pdf"
          },
          {
            "name": "Tecnología en Gestión Financiera",
            "register_number": "101923",
            "registry_resolution": "10979 (11 de Septiembre de 2012)",
            "title_conferred": "Tecnólogo en Gestión Financiera",
            "duration": "6",
            "cycle": "semestre",
            "credits": "101",
            "modality": "presencial",
            "diurnal": "Jueves y viernes: 6:15p.m. a 10:30 p.m. \\n Sábado: 8:00 a.m. a 11:45 a.m \\n y de 2:00 p.m. a 6:00p.m.",
            "nocturnal": "null",
            "profile": "http://www.colmayorcauca.edu.co/programas/page/gestion-financiera#tabs-1",
            "curriculum": "http://www.colmayorcauca.edu.co/documentos/programas/malla-gestion-financiera.pdf"
          },
          {
            "name": "Administración de Empresas por Ciclos Propedéuticos (II Ciclo)",
            "register_number": "54922",
            "registry_resolution": "7487 de octubre 16 de 2009",
            "title_conferred": "Administrador de Empresas",
            "duration": "4",
            "cycle": "semestre",
            "credits": "61",
            "modality": "presencial",
            "diurnal": "null",
            "nocturnal": "Jueves y viernes: 6:15p.m. a 10:30 p.m. \\n Sábado: 8:00 a.m. a 11:45 a.m \\n y de 2:00 p.m. a 6:00p.m.",
            "profile": "http://www.colmayorcauca.edu.co/programas/page/administracion-de-empresas#tabs-1",
            "curriculum": "http://www.colmayorcauca.edu.co/documentos/programas/malla-gestion-financiera.pdf"
          },
          {
            "name": "Administración Financiera (II Ciclo)",
            "register_number": "101922",
            "registry_resolution": "10977 del 11 de septiembre de 2012",
            "title_conferred": "Administrador Financiero",
            "duration": "10",
            "cycle": "semestre",
            "credits": "166",
            "modality": "presencial",
            "diurnal": "null",
            "nocturnal": "Lunes a viernes de 6:15 p.m. a 10:25 p.m.",
            "profile": "http://www.colmayorcauca.edu.co/programas/page/administracion-financiera",
            "curriculum": "http://www.colmayorcauca.edu.co/documentos/programas/plan-estudios-gestion-financiera.pdf"
          }
        ]
      },   
      
      
      {
        "name": "Cronicas de empresas",
        "hashtag": "#AGQEmpresa",
        "color_filter": "alert-danger-alt",
        "responsible": "Alejandra Gómez Q",
        "phone": "000000-1",
        "ext": "305",
        "email": "historia@agq.co",
        "programs_pre": [
          {
            "name": "Tecnología en Gestión Empresarial (I Ciclo)",
            "register_number": "2070",
            "registry_resolution": "3319 de Abril 5 de 2013",
            "title_conferred": "Tecnólogo en Gestión Empresarial",
            "duration": "6",
            "cycle": "semestre",
            "credits": "99",
            "modality": "presencial",
            "diurnal": "Lunes a viernes de 7:00 a.m. a 1:15 p.m.",
            "nocturnal": "Lunes a viernes de 6:15 p.m. a 10:25 p.m.",
            "profile": "http://www.colmayorcauca.edu.co/programas/page/gestion-empresarial#tabs-1",
            "curriculum": "http://www.colmayorcauca.edu.co/documentos/programas/malla-gestion-empresarial.pdf"
          },
          {
            "name": "Tecnología en Gestión Comercial y de Mercados (I Ciclo)",
            "register_number": "19179",
            "registry_resolution": "2585 de Marzo 14 de 2013",
            "title_conferred": "Tecnólogo en Gestión Comercial y de Mercados",
            "duration": "6",
            "cycle": "semestre",
            "credits": "99",
            "modality": "presencial",
            "diurnal": "null",
            "nocturnal": "Lunes a viernes de 6:15 p.m. a 10:25 p.m.",
            "profile": "http://www.colmayorcauca.edu.co/programas/page/gestion-comercial#tabs-1",
            "curriculum": "http://www.colmayorcauca.edu.co/documentos/programas/malla-tecnologia-en-gestion-comercial-y-de-mercados.pdf"
          },
          {
            "name": "Tecnología en Gestión Financiera",
            "register_number": "101923",
            "registry_resolution": "10979 (11 de Septiembre de 2012)",
            "title_conferred": "Tecnólogo en Gestión Financiera",
            "duration": "6",
            "cycle": "semestre",
            "credits": "101",
            "modality": "presencial",
            "diurnal": "Jueves y viernes: 6:15p.m. a 10:30 p.m. \\n Sábado: 8:00 a.m. a 11:45 a.m \\n y de 2:00 p.m. a 6:00p.m.",
            "nocturnal": "null",
            "profile": "http://www.colmayorcauca.edu.co/programas/page/gestion-financiera#tabs-1",
            "curriculum": "http://www.colmayorcauca.edu.co/documentos/programas/malla-gestion-financiera.pdf"
          },
          {
            "name": "Administración de Empresas por Ciclos Propedéuticos (II Ciclo)",
            "register_number": "54922",
            "registry_resolution": "7487 de octubre 16 de 2009",
            "title_conferred": "Administrador de Empresas",
            "duration": "4",
            "cycle": "semestre",
            "credits": "61",
            "modality": "presencial",
            "diurnal": "null",
            "nocturnal": "Jueves y viernes: 6:15p.m. a 10:30 p.m. \\n Sábado: 8:00 a.m. a 11:45 a.m \\n y de 2:00 p.m. a 6:00p.m.",
            "profile": "http://www.colmayorcauca.edu.co/programas/page/administracion-de-empresas#tabs-1",
            "curriculum": "http://www.colmayorcauca.edu.co/documentos/programas/malla-gestion-financiera.pdf"
          },
          {
            "name": "Administración Financiera (II Ciclo)",
            "register_number": "101922",
            "registry_resolution": "10977 del 11 de septiembre de 2012",
            "title_conferred": "Administrador Financiero",
            "duration": "10",
            "cycle": "semestre",
            "credits": "166",
            "modality": "presencial",
            "diurnal": "null",
            "nocturnal": "Lunes a viernes de 6:15 p.m. a 10:25 p.m.",
            "profile": "http://www.colmayorcauca.edu.co/programas/page/administracion-financiera",
            "curriculum": "http://www.colmayorcauca.edu.co/documentos/programas/plan-estudios-gestion-financiera.pdf"
          }
        ]
      },
      {
        "name": "Cronicas sobre Deporte",
        "hashtag": "#AGQDeporte",
        "color_filter": "alert-danger-alt",
        "responsible": "Alejandra Gómez Q",
        "phone": "000000-1",
        "ext": "305",
        "email": "deporte@agq.co",
        "programs_pre": [
          {
            "name": "Tecnología en Gestión Empresarial (I Ciclo)",
            "register_number": "2070",
            "registry_resolution": "3319 de Abril 5 de 2013",
            "title_conferred": "Tecnólogo en Gestión Empresarial",
            "duration": "6",
            "cycle": "semestre",
            "credits": "99",
            "modality": "presencial",
            "diurnal": "Lunes a viernes de 7:00 a.m. a 1:15 p.m.",
            "nocturnal": "Lunes a viernes de 6:15 p.m. a 10:25 p.m.",
            "profile": "http://www.colmayorcauca.edu.co/programas/page/gestion-empresarial#tabs-1",
            "curriculum": "http://www.colmayorcauca.edu.co/documentos/programas/malla-gestion-empresarial.pdf"
          },
          {
            "name": "Tecnología en Gestión Comercial y de Mercados (I Ciclo)",
            "register_number": "19179",
            "registry_resolution": "2585 de Marzo 14 de 2013",
            "title_conferred": "Tecnólogo en Gestión Comercial y de Mercados",
            "duration": "6",
            "cycle": "semestre",
            "credits": "99",
            "modality": "presencial",
            "diurnal": "null",
            "nocturnal": "Lunes a viernes de 6:15 p.m. a 10:25 p.m.",
            "profile": "http://www.colmayorcauca.edu.co/programas/page/gestion-comercial#tabs-1",
            "curriculum": "http://www.colmayorcauca.edu.co/documentos/programas/malla-tecnologia-en-gestion-comercial-y-de-mercados.pdf"
          },
          {
            "name": "Tecnología en Gestión Financiera",
            "register_number": "101923",
            "registry_resolution": "10979 (11 de Septiembre de 2012)",
            "title_conferred": "Tecnólogo en Gestión Financiera",
            "duration": "6",
            "cycle": "semestre",
            "credits": "101",
            "modality": "presencial",
            "diurnal": "Jueves y viernes: 6:15p.m. a 10:30 p.m. \\n Sábado: 8:00 a.m. a 11:45 a.m \\n y de 2:00 p.m. a 6:00p.m.",
            "nocturnal": "null",
            "profile": "http://www.colmayorcauca.edu.co/programas/page/gestion-financiera#tabs-1",
            "curriculum": "http://www.colmayorcauca.edu.co/documentos/programas/malla-gestion-financiera.pdf"
          },
          {
            "name": "Administración de Empresas por Ciclos Propedéuticos (II Ciclo)",
            "register_number": "54922",
            "registry_resolution": "7487 de octubre 16 de 2009",
            "title_conferred": "Administrador de Empresas",
            "duration": "4",
            "cycle": "semestre",
            "credits": "61",
            "modality": "presencial",
            "diurnal": "null",
            "nocturnal": "Jueves y viernes: 6:15p.m. a 10:30 p.m. \\n Sábado: 8:00 a.m. a 11:45 a.m \\n y de 2:00 p.m. a 6:00p.m.",
            "profile": "http://www.colmayorcauca.edu.co/programas/page/administracion-de-empresas#tabs-1",
            "curriculum": "http://www.colmayorcauca.edu.co/documentos/programas/malla-gestion-financiera.pdf"
          },
          {
            "name": "Administración Financiera (II Ciclo)",
            "register_number": "101922",
            "registry_resolution": "10977 del 11 de septiembre de 2012",
            "title_conferred": "Administrador Financiero",
            "duration": "10",
            "cycle": "semestre",
            "credits": "166",
            "modality": "presencial",
            "diurnal": "null",
            "nocturnal": "Lunes a viernes de 6:15 p.m. a 10:25 p.m.",
            "profile": "http://www.colmayorcauca.edu.co/programas/page/administracion-financiera",
            "curriculum": "http://www.colmayorcauca.edu.co/documentos/programas/plan-estudios-gestion-financiera.pdf"
          }
        ]
      },
      
      {
        "name": "Cronicas sobre Gastronomía",
        "hashtag": "#AGQGastronomia",
        "color_filter": "alert-danger-alt",
        "responsible": "Alejandra Gómez Q",
        "phone": "000000-1",
        "ext": "305",
        "email": "gastronomia@agq.co",
        "programs_pre": [
          {
            "name": "Tecnología en Gestión Empresarial (I Ciclo)",
            "register_number": "2070",
            "registry_resolution": "3319 de Abril 5 de 2013",
            "title_conferred": "Tecnólogo en Gestión Empresarial",
            "duration": "6",
            "cycle": "semestre",
            "credits": "99",
            "modality": "presencial",
            "diurnal": "Lunes a viernes de 7:00 a.m. a 1:15 p.m.",
            "nocturnal": "Lunes a viernes de 6:15 p.m. a 10:25 p.m.",
            "profile": "http://www.colmayorcauca.edu.co/programas/page/gestion-empresarial#tabs-1",
            "curriculum": "http://www.colmayorcauca.edu.co/documentos/programas/malla-gestion-empresarial.pdf"
          },
          {
            "name": "Tecnología en Gestión Comercial y de Mercados (I Ciclo)",
            "register_number": "19179",
            "registry_resolution": "2585 de Marzo 14 de 2013",
            "title_conferred": "Tecnólogo en Gestión Comercial y de Mercados",
            "duration": "6",
            "cycle": "semestre",
            "credits": "99",
            "modality": "presencial",
            "diurnal": "null",
            "nocturnal": "Lunes a viernes de 6:15 p.m. a 10:25 p.m.",
            "profile": "http://www.colmayorcauca.edu.co/programas/page/gestion-comercial#tabs-1",
            "curriculum": "http://www.colmayorcauca.edu.co/documentos/programas/malla-tecnologia-en-gestion-comercial-y-de-mercados.pdf"
          },
          {
            "name": "Tecnología en Gestión Financiera",
            "register_number": "101923",
            "registry_resolution": "10979 (11 de Septiembre de 2012)",
            "title_conferred": "Tecnólogo en Gestión Financiera",
            "duration": "6",
            "cycle": "semestre",
            "credits": "101",
            "modality": "presencial",
            "diurnal": "Jueves y viernes: 6:15p.m. a 10:30 p.m. \\n Sábado: 8:00 a.m. a 11:45 a.m \\n y de 2:00 p.m. a 6:00p.m.",
            "nocturnal": "null",
            "profile": "http://www.colmayorcauca.edu.co/programas/page/gestion-financiera#tabs-1",
            "curriculum": "http://www.colmayorcauca.edu.co/documentos/programas/malla-gestion-financiera.pdf"
          },
          {
            "name": "Administración de Empresas por Ciclos Propedéuticos (II Ciclo)",
            "register_number": "54922",
            "registry_resolution": "7487 de octubre 16 de 2009",
            "title_conferred": "Administrador de Empresas",
            "duration": "4",
            "cycle": "semestre",
            "credits": "61",
            "modality": "presencial",
            "diurnal": "null",
            "nocturnal": "Jueves y viernes: 6:15p.m. a 10:30 p.m. \\n Sábado: 8:00 a.m. a 11:45 a.m \\n y de 2:00 p.m. a 6:00p.m.",
            "profile": "http://www.colmayorcauca.edu.co/programas/page/administracion-de-empresas#tabs-1",
            "curriculum": "http://www.colmayorcauca.edu.co/documentos/programas/malla-gestion-financiera.pdf"
          },
          {
            "name": "Administración Financiera (II Ciclo)",
            "register_number": "101922",
            "registry_resolution": "10977 del 11 de septiembre de 2012",
            "title_conferred": "Administrador Financiero",
            "duration": "10",
            "cycle": "semestre",
            "credits": "166",
            "modality": "presencial",
            "diurnal": "null",
            "nocturnal": "Lunes a viernes de 6:15 p.m. a 10:25 p.m.",
            "profile": "http://www.colmayorcauca.edu.co/programas/page/administracion-financiera",
            "curriculum": "http://www.colmayorcauca.edu.co/documentos/programas/plan-estudios-gestion-financiera.pdf"
          }
        ]
      },
      {
        "name": "Cronicas de Historias",
        "hashtag": "#AGQHistoria",
        "color_filter": "alert-danger-alt",
        "responsible": "Alejandra Gómez Q",
        "phone": "000000-1",
        "ext": "305",
        "email": "historia@agq.co",
        "programs_pre": [
          {
            "name": "Tecnología en Gestión Empresarial (I Ciclo)",
            "register_number": "2070",
            "registry_resolution": "3319 de Abril 5 de 2013",
            "title_conferred": "Tecnólogo en Gestión Empresarial",
            "duration": "6",
            "cycle": "semestre",
            "credits": "99",
            "modality": "presencial",
            "diurnal": "Lunes a viernes de 7:00 a.m. a 1:15 p.m.",
            "nocturnal": "Lunes a viernes de 6:15 p.m. a 10:25 p.m.",
            "profile": "http://www.colmayorcauca.edu.co/programas/page/gestion-empresarial#tabs-1",
            "curriculum": "http://www.colmayorcauca.edu.co/documentos/programas/malla-gestion-empresarial.pdf"
          },
          {
            "name": "Tecnología en Gestión Comercial y de Mercados (I Ciclo)",
            "register_number": "19179",
            "registry_resolution": "2585 de Marzo 14 de 2013",
            "title_conferred": "Tecnólogo en Gestión Comercial y de Mercados",
            "duration": "6",
            "cycle": "semestre",
            "credits": "99",
            "modality": "presencial",
            "diurnal": "null",
            "nocturnal": "Lunes a viernes de 6:15 p.m. a 10:25 p.m.",
            "profile": "http://www.colmayorcauca.edu.co/programas/page/gestion-comercial#tabs-1",
            "curriculum": "http://www.colmayorcauca.edu.co/documentos/programas/malla-tecnologia-en-gestion-comercial-y-de-mercados.pdf"
          },
          {
            "name": "Tecnología en Gestión Financiera",
            "register_number": "101923",
            "registry_resolution": "10979 (11 de Septiembre de 2012)",
            "title_conferred": "Tecnólogo en Gestión Financiera",
            "duration": "6",
            "cycle": "semestre",
            "credits": "101",
            "modality": "presencial",
            "diurnal": "Jueves y viernes: 6:15p.m. a 10:30 p.m. \\n Sábado: 8:00 a.m. a 11:45 a.m \\n y de 2:00 p.m. a 6:00p.m.",
            "nocturnal": "null",
            "profile": "http://www.colmayorcauca.edu.co/programas/page/gestion-financiera#tabs-1",
            "curriculum": "http://www.colmayorcauca.edu.co/documentos/programas/malla-gestion-financiera.pdf"
          },
          {
            "name": "Administración de Empresas por Ciclos Propedéuticos (II Ciclo)",
            "register_number": "54922",
            "registry_resolution": "7487 de octubre 16 de 2009",
            "title_conferred": "Administrador de Empresas",
            "duration": "4",
            "cycle": "semestre",
            "credits": "61",
            "modality": "presencial",
            "diurnal": "null",
            "nocturnal": "Jueves y viernes: 6:15p.m. a 10:30 p.m. \\n Sábado: 8:00 a.m. a 11:45 a.m \\n y de 2:00 p.m. a 6:00p.m.",
            "profile": "http://www.colmayorcauca.edu.co/programas/page/administracion-de-empresas#tabs-1",
            "curriculum": "http://www.colmayorcauca.edu.co/documentos/programas/malla-gestion-financiera.pdf"
          },
          {
            "name": "Administración Financiera (II Ciclo)",
            "register_number": "101922",
            "registry_resolution": "10977 del 11 de septiembre de 2012",
            "title_conferred": "Administrador Financiero",
            "duration": "10",
            "cycle": "semestre",
            "credits": "166",
            "modality": "presencial",
            "diurnal": "null",
            "nocturnal": "Lunes a viernes de 6:15 p.m. a 10:25 p.m.",
            "profile": "http://www.colmayorcauca.edu.co/programas/page/administracion-financiera",
            "curriculum": "http://www.colmayorcauca.edu.co/documentos/programas/plan-estudios-gestion-financiera.pdf"
          }
        ]
      },
      
      {
        "name": "Cronicas sobre la Naturaleza",
        "hashtag": "#AGQNaturaleza",
        "color_filter": "alert-danger-alt",
        "responsible": "Alejandra Gómez Q",
        "phone": "000000-1",
        "ext": "305",
        "email": "naturaleza@agq.co",
        "programs_pre": [
          {
            "name": "Tecnología en Gestión Empresarial (I Ciclo)",
            "register_number": "2070",
            "registry_resolution": "3319 de Abril 5 de 2013",
            "title_conferred": "Tecnólogo en Gestión Empresarial",
            "duration": "6",
            "cycle": "semestre",
            "credits": "99",
            "modality": "presencial",
            "diurnal": "Lunes a viernes de 7:00 a.m. a 1:15 p.m.",
            "nocturnal": "Lunes a viernes de 6:15 p.m. a 10:25 p.m.",
            "profile": "http://www.colmayorcauca.edu.co/programas/page/gestion-empresarial#tabs-1",
            "curriculum": "http://www.colmayorcauca.edu.co/documentos/programas/malla-gestion-empresarial.pdf"
          },
          {
            "name": "Tecnología en Gestión Comercial y de Mercados (I Ciclo)",
            "register_number": "19179",
            "registry_resolution": "2585 de Marzo 14 de 2013",
            "title_conferred": "Tecnólogo en Gestión Comercial y de Mercados",
            "duration": "6",
            "cycle": "semestre",
            "credits": "99",
            "modality": "presencial",
            "diurnal": "null",
            "nocturnal": "Lunes a viernes de 6:15 p.m. a 10:25 p.m.",
            "profile": "http://www.colmayorcauca.edu.co/programas/page/gestion-comercial#tabs-1",
            "curriculum": "http://www.colmayorcauca.edu.co/documentos/programas/malla-tecnologia-en-gestion-comercial-y-de-mercados.pdf"
          },
          {
            "name": "Tecnología en Gestión Financiera",
            "register_number": "101923",
            "registry_resolution": "10979 (11 de Septiembre de 2012)",
            "title_conferred": "Tecnólogo en Gestión Financiera",
            "duration": "6",
            "cycle": "semestre",
            "credits": "101",
            "modality": "presencial",
            "diurnal": "Jueves y viernes: 6:15p.m. a 10:30 p.m. \\n Sábado: 8:00 a.m. a 11:45 a.m \\n y de 2:00 p.m. a 6:00p.m.",
            "nocturnal": "null",
            "profile": "http://www.colmayorcauca.edu.co/programas/page/gestion-financiera#tabs-1",
            "curriculum": "http://www.colmayorcauca.edu.co/documentos/programas/malla-gestion-financiera.pdf"
          },
          {
            "name": "Administración de Empresas por Ciclos Propedéuticos (II Ciclo)",
            "register_number": "54922",
            "registry_resolution": "7487 de octubre 16 de 2009",
            "title_conferred": "Administrador de Empresas",
            "duration": "4",
            "cycle": "semestre",
            "credits": "61",
            "modality": "presencial",
            "diurnal": "null",
            "nocturnal": "Jueves y viernes: 6:15p.m. a 10:30 p.m. \\n Sábado: 8:00 a.m. a 11:45 a.m \\n y de 2:00 p.m. a 6:00p.m.",
            "profile": "http://www.colmayorcauca.edu.co/programas/page/administracion-de-empresas#tabs-1",
            "curriculum": "http://www.colmayorcauca.edu.co/documentos/programas/malla-gestion-financiera.pdf"
          },
          {
            "name": "Administración Financiera (II Ciclo)",
            "register_number": "101922",
            "registry_resolution": "10977 del 11 de septiembre de 2012",
            "title_conferred": "Administrador Financiero",
            "duration": "10",
            "cycle": "semestre",
            "credits": "166",
            "modality": "presencial",
            "diurnal": "null",
            "nocturnal": "Lunes a viernes de 6:15 p.m. a 10:25 p.m.",
            "profile": "http://www.colmayorcauca.edu.co/programas/page/administracion-financiera",
            "curriculum": "http://www.colmayorcauca.edu.co/documentos/programas/plan-estudios-gestion-financiera.pdf"
          }
        ]
      },
      {
        "name": "Cronicas sobre la Salud",
        "hashtag": "#AGQSalud",
        "color_filter": "alert-danger-alt",
        "responsible": "Alejandra Gómez Q",
        "phone": "000000-1",
        "ext": "305",
        "email": "salud@agq.co",
        "programs_pre": [
          {
            "name": "Tecnología en Gestión Empresarial (I Ciclo)",
            "register_number": "2070",
            "registry_resolution": "3319 de Abril 5 de 2013",
            "title_conferred": "Tecnólogo en Gestión Empresarial",
            "duration": "6",
            "cycle": "semestre",
            "credits": "99",
            "modality": "presencial",
            "diurnal": "Lunes a viernes de 7:00 a.m. a 1:15 p.m.",
            "nocturnal": "Lunes a viernes de 6:15 p.m. a 10:25 p.m.",
            "profile": "http://www.colmayorcauca.edu.co/programas/page/gestion-empresarial#tabs-1",
            "curriculum": "http://www.colmayorcauca.edu.co/documentos/programas/malla-gestion-empresarial.pdf"
          },
          {
            "name": "Tecnología en Gestión Comercial y de Mercados (I Ciclo)",
            "register_number": "19179",
            "registry_resolution": "2585 de Marzo 14 de 2013",
            "title_conferred": "Tecnólogo en Gestión Comercial y de Mercados",
            "duration": "6",
            "cycle": "semestre",
            "credits": "99",
            "modality": "presencial",
            "diurnal": "null",
            "nocturnal": "Lunes a viernes de 6:15 p.m. a 10:25 p.m.",
            "profile": "http://www.colmayorcauca.edu.co/programas/page/gestion-comercial#tabs-1",
            "curriculum": "http://www.colmayorcauca.edu.co/documentos/programas/malla-tecnologia-en-gestion-comercial-y-de-mercados.pdf"
          },
          {
            "name": "Tecnología en Gestión Financiera",
            "register_number": "101923",
            "registry_resolution": "10979 (11 de Septiembre de 2012)",
            "title_conferred": "Tecnólogo en Gestión Financiera",
            "duration": "6",
            "cycle": "semestre",
            "credits": "101",
            "modality": "presencial",
            "diurnal": "Jueves y viernes: 6:15p.m. a 10:30 p.m. \\n Sábado: 8:00 a.m. a 11:45 a.m \\n y de 2:00 p.m. a 6:00p.m.",
            "nocturnal": "null",
            "profile": "http://www.colmayorcauca.edu.co/programas/page/gestion-financiera#tabs-1",
            "curriculum": "http://www.colmayorcauca.edu.co/documentos/programas/malla-gestion-financiera.pdf"
          },
          {
            "name": "Administración de Empresas por Ciclos Propedéuticos (II Ciclo)",
            "register_number": "54922",
            "registry_resolution": "7487 de octubre 16 de 2009",
            "title_conferred": "Administrador de Empresas",
            "duration": "4",
            "cycle": "semestre",
            "credits": "61",
            "modality": "presencial",
            "diurnal": "null",
            "nocturnal": "Jueves y viernes: 6:15p.m. a 10:30 p.m. \\n Sábado: 8:00 a.m. a 11:45 a.m \\n y de 2:00 p.m. a 6:00p.m.",
            "profile": "http://www.colmayorcauca.edu.co/programas/page/administracion-de-empresas#tabs-1",
            "curriculum": "http://www.colmayorcauca.edu.co/documentos/programas/malla-gestion-financiera.pdf"
          },
          {
            "name": "Administración Financiera (II Ciclo)",
            "register_number": "101922",
            "registry_resolution": "10977 del 11 de septiembre de 2012",
            "title_conferred": "Administrador Financiero",
            "duration": "10",
            "cycle": "semestre",
            "credits": "166",
            "modality": "presencial",
            "diurnal": "null",
            "nocturnal": "Lunes a viernes de 6:15 p.m. a 10:25 p.m.",
            "profile": "http://www.colmayorcauca.edu.co/programas/page/administracion-financiera",
            "curriculum": "http://www.colmayorcauca.edu.co/documentos/programas/plan-estudios-gestion-financiera.pdf"
          }
        ]
      },
      
      {
        "name": "Cronicas sobre el Turismo",
        "hashtag": "#AGQTurismo",
        "color_filter": "alert-danger-alt",
        "responsible": "Alejandra Gómez Q",
        "phone": "000000-1",
        "ext": "305",
        "email": "turismo@agq.co",
        "programs_pre": [
          {
            "name": "Tecnología en Gestión Empresarial (I Ciclo)",
            "register_number": "2070",
            "registry_resolution": "3319 de Abril 5 de 2013",
            "title_conferred": "Tecnólogo en Gestión Empresarial",
            "duration": "6",
            "cycle": "semestre",
            "credits": "99",
            "modality": "presencial",
            "diurnal": "Lunes a viernes de 7:00 a.m. a 1:15 p.m.",
            "nocturnal": "Lunes a viernes de 6:15 p.m. a 10:25 p.m.",
            "profile": "http://www.colmayorcauca.edu.co/programas/page/gestion-empresarial#tabs-1",
            "curriculum": "http://www.colmayorcauca.edu.co/documentos/programas/malla-gestion-empresarial.pdf"
          },
          {
            "name": "Tecnología en Gestión Comercial y de Mercados (I Ciclo)",
            "register_number": "19179",
            "registry_resolution": "2585 de Marzo 14 de 2013",
            "title_conferred": "Tecnólogo en Gestión Comercial y de Mercados",
            "duration": "6",
            "cycle": "semestre",
            "credits": "99",
            "modality": "presencial",
            "diurnal": "null",
            "nocturnal": "Lunes a viernes de 6:15 p.m. a 10:25 p.m.",
            "profile": "http://www.colmayorcauca.edu.co/programas/page/gestion-comercial#tabs-1",
            "curriculum": "http://www.colmayorcauca.edu.co/documentos/programas/malla-tecnologia-en-gestion-comercial-y-de-mercados.pdf"
          },
          {
            "name": "Tecnología en Gestión Financiera",
            "register_number": "101923",
            "registry_resolution": "10979 (11 de Septiembre de 2012)",
            "title_conferred": "Tecnólogo en Gestión Financiera",
            "duration": "6",
            "cycle": "semestre",
            "credits": "101",
            "modality": "presencial",
            "diurnal": "Jueves y viernes: 6:15p.m. a 10:30 p.m. \\n Sábado: 8:00 a.m. a 11:45 a.m \\n y de 2:00 p.m. a 6:00p.m.",
            "nocturnal": "null",
            "profile": "http://www.colmayorcauca.edu.co/programas/page/gestion-financiera#tabs-1",
            "curriculum": "http://www.colmayorcauca.edu.co/documentos/programas/malla-gestion-financiera.pdf"
          },
          {
            "name": "Administración de Empresas por Ciclos Propedéuticos (II Ciclo)",
            "register_number": "54922",
            "registry_resolution": "7487 de octubre 16 de 2009",
            "title_conferred": "Administrador de Empresas",
            "duration": "4",
            "cycle": "semestre",
            "credits": "61",
            "modality": "presencial",
            "diurnal": "null",
            "nocturnal": "Jueves y viernes: 6:15p.m. a 10:30 p.m. \\n Sábado: 8:00 a.m. a 11:45 a.m \\n y de 2:00 p.m. a 6:00p.m.",
            "profile": "http://www.colmayorcauca.edu.co/programas/page/administracion-de-empresas#tabs-1",
            "curriculum": "http://www.colmayorcauca.edu.co/documentos/programas/malla-gestion-financiera.pdf"
          },
          {
            "name": "Administración Financiera (II Ciclo)",
            "register_number": "101922",
            "registry_resolution": "10977 del 11 de septiembre de 2012",
            "title_conferred": "Administrador Financiero",
            "duration": "10",
            "cycle": "semestre",
            "credits": "166",
            "modality": "presencial",
            "diurnal": "null",
            "nocturnal": "Lunes a viernes de 6:15 p.m. a 10:25 p.m.",
            "profile": "http://www.colmayorcauca.edu.co/programas/page/administracion-financiera",
            "curriculum": "http://www.colmayorcauca.edu.co/documentos/programas/plan-estudios-gestion-financiera.pdf"
          }
        ]
      }
      
      
      
    ],
    
    
    
    "library": {
      "name": "Cine",
      "intro": "http://biblioteca.colmayorcauca.edu.co/biblioteca/presentacion/",
      "overview": "http://biblioteca.colmayorcauca.edu.co/biblioteca/resena/",
      "hashtag": "#Cine"
    },
    "welfare": {
      "label": "Bienestar universitario",
      "plan": "http://www.colmayorcauca.edu.co/academia/page/bienestar-universitario#tabs-1",
      "activities": "http://www.colmayorcauca.edu.co/academia/page/bienestar-universitario#tabs-2",
      "hashtag": "#SantaMarta"
    },
    "graduates": {
      "label": "Egresados",
      "website": "http://egresados.colmayorcauca.edu.co/",
      "hashtag": "#Amatumundo_salud"
    },
    "social": [
      {
        "name": "Facebook",
        "profile": "https://www.facebook.com/Alejandra-G%C3%B3mez-Presentadora-613052368829831/"
      },
      {
        "name": "Twitter",
        "profile": "https://twitter.com/alejagomezQ"
      },
      {
        "name": "Youtube",
        "profile": "https://www.youtube.com/user/alegomezq"
      },
      {
        "name": "Instagram",
        "profile": "https://www.instagram.com/alejagomezq/"
      }
    ],    
    "vinculos" : [   	
    
    	{
       
       	 	"label": "Red Noticias",
        	"enlace": "http://redmasnoticias.tv",
        	"icono" : "http://www.redmas.com.co/wp-content/themes/RedMas/img/logoredmas.jpg"
        
        },
        {
       
       	 	"label": "Mas ideas, ama tu casa",
        	"enlace": "http://redmasnoticias.tv/channel/?channelId=79-ideas-ama-tu-casa.html",
        	"icono" : "http://progressive.enetres.net/getPhoenixResource.php?u=227F8BB94D6E45128BDAA0676BD84D4B&f=images/ideas-ama-tu-casa-boton.jpg&flashClient=true&c=001"
        
        },    
        {
       
       	 	"label": "Más cine",
        	"enlace": "http://redmasnoticias.tv/channel/?channelId=79-ideas-ama-tu-casa.html",
        	"icono" : "img/autor/icon-mascine.png"
        
        }   
    
    ],
    
    "online_services": [
      {
        "name": "Contacto",
        "url": "http://www.colmayorcauca.edu.co/contacto"
      },
      {
        "name": "Consulta de notas",
        "url": "%2fnotas%2f"
      },
      {
        "name": "Contratación",
        "url": "http://www.colmayorcauca.edu.co/publicaciones/historial/contrataciones/4"
      },
      {
        "name": "Comunicaciones",
        "url": "http://www.colmayorcauca.edu.co/administracion"
      },
      {
        "name": "Noticias",
        "url": "http://www.colmayorcauca.edu.co/publicaciones/historial/noticias/1"
      },
      {
        "name": "Eventos",
        "url": "http://www.colmayorcauca.edu.co/publicaciones/historial/eventos/2"
      },
      {
        "name": "Directorio",
        "url": "http://www.colmayorcauca.edu.co/directorio"
      },
      {
        "name": "Mapa del sito",
        "url": "http://www.colmayorcauca.edu.co/sitemap"
      }
    ]
  }
}
